node,hyperedge
4,0
3,0
15,0
12,0
8,0
11,0
6,0
7,0
16,0
18,0
5,0
2,0
14,0
9,0
13,0
10,0
17,0
1,0
23,1
28,1
37,1
33,1
29,1
15,1
36,1
32,1
26,1
22,1
21,1
30,1
20,1
19,1
27,1
5,1
42,1
41,1
24,1
38,1
35,1
14,1
31,1
40,1
25,1
9,1
39,1
34,1
1,1
57,2
54,2
47,2
56,2
43,2
59,2
60,2
51,2
46,2
61,2
50,2
58,2
45,2
19,2
52,2
49,2
44,2
55,2
53,2
62,2
48,2
23,3
65,3
36,3
72,3
34,3
61,3
68,3
63,3
64,3
30,3
67,3
49,3
41,3
70,3
38,3
71,3
39,3
69,3
66,3
57,4
23,4
65,4
37,4
36,4
26,4
68,4
63,4
6,4
64,4
21,4
30,4
18,4
73,4
38,4
44,4
40,4
74,4
39,4
75,4
22,4
84,5
57,5
75,5
56,5
33,5
79,5
77,5
83,5
51,5
82,5
76,5
21,5
78,5
20,5
67,5
81,5
42,5
44,5
40,5
62,5
80,5
66,5
84,6
57,6
37,6
47,6
86,6
87,6
36,6
32,6
85,6
76,6
22,6
6,6
90,6
16,6
88,6
49,6
89,6
35,6
25,6
71,6
69,6
28,7
54,7
59,7
60,7
95,7
8,7
26,7
61,7
68,7
50,7
97,7
52,7
94,7
91,7
92,7
96,7
93,7
3,8
79,8
95,8
12,8
77,8
8,8
72,8
82,8
85,8
63,8
6,8
7,8
97,8
18,8
81,8
2,8
89,8
91,8
92,8
98,8
78,8
65,9
101,9
83,9
51,9
11,9
99,9
102,9
90,9
64,9
73,9
88,9
100,9
94,9
91,9
74,9
62,9
13,9
10,9
17,9
66,9
45,10
23,10
43,10
52,10
56,10
33,10
2,10
86,10
72,10
14,10
55,10
71,10
80,10
48,10
4,11
29,11
83,11
46,11
73,11
18,11
100,11
70,11
24,11
35,11
55,11
31,11
96,11
53,11
74,11
93,11
98,11
1,11
65,12
47,12
101,12
87,12
46,12
99,12
102,12
73,12
27,12
97,12
5,12
94,12
53,12
93,12
75,12
98,12
58,12
65,13
54,13
33,13
15,13
12,13
32,13
99,13
76,13
20,13
19,13
88,13
24,13
91,13
14,13
31,13
13,13
43,14
4,14
95,14
29,14
60,14
83,14
87,14
26,14
45,14
5,14
52,14
42,14
41,14
70,14
89,14
62,14
94,14
25,14
71,14
39,14
17,14
66,14
7,15
86,15
24,15
77,15
35,15
92,15
96,15
53,15
102,15
50,15
69,15
90,15
84,16
28,16
56,16
79,16
29,16
83,16
85,16
22,16
102,16
50,16
16,16
97,16
18,16
2,16
49,16
42,16
35,16
55,16
96,16
10,16
48,16
54,17
33,17
95,17
8,17
11,17
34,17
9,17
50,17
67,17
81,17
89,17
24,17
40,17
93,17
22,17
48,17
66,17
7,18
16,18
27,18
59,18
67,18
33,18
15,18
28,19
37,19
56,19
101,19
86,19
87,19
36,19
32,19
90,19
7,19
20,19
73,19
24,19
14,19
40,19
80,19
69,19
99,20
33,20
32,20
24,20
91,20
76,21
88,21
33,21
24,21
32,21
16,22
47,22
67,22
41,22
51,22
72,22
46,22
71,22
80,22
76,23
12,23
96,23
92,23
54,24
4,24
15,24
12,24
8,24
11,24
104,24
103,24
6,24
7,24
16,24
18,24
5,24
2,24
38,24
14,24
9,24
13,24
17,24
1,24
28,25
33,25
29,25
15,25
36,25
32,25
26,25
104,25
102,25
21,25
30,25
20,25
19,25
27,25
5,25
42,25
41,25
38,25
35,25
14,25
40,25
25,25
9,25
71,25
39,25
75,25
22,25
1,25
105,25
57,26
54,26
47,26
56,26
43,26
59,26
60,26
51,26
46,26
106,26
103,26
58,26
45,26
19,26
52,26
67,26
44,26
107,26
55,26
53,26
62,26
48,26
108,27
65,27
36,27
61,27
68,27
64,27
30,27
41,27
70,27
38,27
66,27
107,27
71,27
39,27
34,27
109,27
69,27
105,27
57,28
108,28
65,28
37,28
111,28
36,28
26,28
68,28
6,28
64,28
21,28
30,28
112,28
18,28
73,28
41,28
110,28
44,28
38,28
40,28
74,28
39,28
75,28
22,28
109,28
57,29
56,29
33,29
79,29
111,29
77,29
83,29
82,29
76,29
113,29
21,29
112,29
20,29
67,29
42,29
110,29
44,29
40,29
62,29
80,29
109,29
66,29
108,30
37,30
47,30
4,30
86,30
87,30
36,30
32,30
85,30
76,30
22,30
102,30
90,30
16,30
42,30
114,30
25,30
80,30
69,30
115,30
28,31
54,31
59,31
15,31
60,31
95,31
8,31
26,31
106,31
61,31
68,31
50,31
112,31
52,31
114,31
91,31
71,31
39,31
57,32
37,32
79,32
95,32
12,32
77,32
83,32
8,32
72,32
82,32
85,32
50,32
6,32
90,32
18,32
98,32
2,32
70,32
38,32
91,32
96,32
34,32
108,33
65,33
101,33
51,33
99,33
11,33
116,33
113,33
64,33
100,33
114,33
110,33
31,33
74,33
13,33
10,33
17,33
66,33
43,34
56,34
59,34
33,34
86,34
36,34
72,34
116,34
45,34
18,34
52,34
2,34
14,34
55,34
74,34
80,34
48,34
4,35
29,35
111,35
46,35
116,35
115,35
117,35
73,35
18,35
100,35
98,35
35,35
31,35
96,35
53,35
74,35
10,35
1,35
65,36
101,36
111,36
87,36
46,36
99,36
61,36
113,36
102,36
117,36
73,36
27,36
5,36
40,36
109,36
75,36
58,36
57,37
37,37
54,37
65,37
33,37
15,37
12,37
32,37
99,37
76,37
103,37
20,37
19,37
91,37
14,37
31,37
13,37
54,38
4,38
43,38
60,38
83,38
87,38
26,38
45,38
5,38
52,38
17,38
42,38
41,38
62,38
110,38
25,38
71,38
39,38
109,38
66,38
16,39
50,39
86,39
77,39
87,39
35,39
74,39
96,39
53,39
30,39
102,39
80,39
90,39
69,39
28,40
54,40
79,40
29,40
83,40
116,40
85,40
22,40
102,40
103,40
112,40
16,40
18,40
2,40
42,40
70,40
55,40
96,40
10,40
48,40
105,40
131,41
128,41
122,41
124,41
133,41
132,41
123,41
119,41
121,41
130,41
118,41
49,41
127,41
120,41
129,41
126,41
125,41
16,42
27,42
67,42
59,42
15,42
80,42
28,43
37,43
56,43
101,43
86,43
87,43
36,43
6,43
90,43
20,43
73,43
114,43
40,43
80,43
98,43
17,43
69,43
99,44
14,44
54,44
33,44
91,44
32,44
20,45
14,45
76,45
54,45
33,45
32,45
16,46
108,46
47,46
41,46
103,46
51,46
72,46
46,46
71,46
64,46
7,47
57,47
12,47
76,47
136,48
15,48
8,48
11,48
103,48
6,48
135,48
7,48
16,48
18,48
5,48
134,48
38,48
14,48
9,48
13,48
17,48
1,48
28,49
75,49
33,49
29,49
15,49
36,49
71,49
26,49
61,49
104,49
68,49
21,49
30,49
16,49
20,49
19,49
27,49
5,49
42,49
35,49
14,49
40,49
25,49
62,49
39,49
80,49
1,49
105,49
54,50
47,50
56,50
59,50
60,50
51,50
46,50
106,50
103,50
137,50
19,50
45,50
52,50
134,50
48,50
110,50
53,50
58,50
136,51
108,51
65,51
140,51
139,51
61,51
68,51
64,51
67,51
141,51
41,51
70,51
38,51
138,51
71,51
34,51
66,51
105,51
136,52
108,52
142,52
37,52
111,52
143,52
36,52
26,52
68,52
6,52
64,52
21,52
30,52
112,52
18,52
110,52
38,52
40,52
39,52
75,52
10,52
109,52
57,53
56,53
33,53
79,53
111,53
144,53
77,53
76,53
113,53
21,53
112,53
20,53
67,53
42,53
110,53
40,53
62,53
80,53
109,53
66,53
136,54
108,54
142,54
37,54
47,54
86,54
36,54
76,54
104,54
50,54
90,54
112,54
135,54
16,54
42,54
114,54
40,54
25,54
80,54
115,54
28,55
54,55
59,55
60,55
95,55
8,55
26,55
106,55
68,55
50,55
145,55
112,55
52,55
114,55
91,55
138,55
146,55
39,55
57,56
37,56
79,56
95,56
77,56
8,56
72,56
102,56
50,56
6,56
90,56
18,56
67,56
98,56
41,56
70,56
38,56
91,56
9,56
34,56
108,57
142,57
65,57
144,57
140,57
51,57
87,57
11,57
113,57
64,57
100,57
114,57
31,57
109,57
13,57
10,57
17,57
66,57
37,58
59,58
144,58
86,58
33,58
143,58
36,58
72,58
116,58
148,58
137,58
45,58
52,58
35,58
14,58
71,58
48,58
147,58
29,59
111,59
143,59
46,59
116,59
113,59
148,59
10,59
115,59
117,59
18,59
100,59
35,59
31,59
53,59
146,59
98,59
1,59
65,60
54,60
47,60
15,60
87,60
46,60
139,60
102,60
117,60
145,60
30,60
27,60
5,60
141,60
109,60
75,60
58,60
147,60
57,61
37,61
54,61
65,61
33,61
15,61
76,61
148,61
103,61
20,61
19,61
91,61
14,61
31,61
62,61
13,61
54,62
60,62
87,62
139,62
61,62
137,62
135,62
45,62
5,62
52,62
42,62
110,62
25,62
109,62
71,62
39,62
17,62
66,62
16,63
86,63
77,63
87,63
35,63
30,63
104,63
53,63
102,63
50,63
90,63
145,63
28,64
54,64
79,64
29,64
140,64
139,64
102,64
103,64
112,64
16,64
18,64
141,64
42,64
70,64
10,64
48,64
147,64
105,64
95,65
8,65
51,65
11,65
26,65
106,65
50,65
117,65
58,65
45,65
67,65
134,65
66,65
138,65
9,65
98,65
48,65
115,65
105,65
28,66
146,66
59,66
134,66
6,66
30,66
20,67
28,67
56,67
86,67
114,67
87,67
36,67
6,67
106,67
40,67
104,67
80,67
98,67
90,67
14,68
31,68
54,68
33,68
91,68
20,69
76,69
14,69
54,69
15,69
108,70
47,70
144,70
41,70
51,70
72,70
46,70
146,70
71,70
64,70
37,71
7,71
57,71
76,71
136,72
15,72
8,72
11,72
149,72
103,72
6,72
7,72
16,72
18,72
5,72
134,72
14,72
150,72
9,72
13,72
17,72
1,72
151,72
28,73
75,73
33,73
29,73
15,73
143,73
36,73
71,73
26,73
104,73
115,73
21,73
30,73
16,73
20,73
19,73
27,73
5,73
42,73
35,73
14,73
31,73
40,73
62,73
39,73
80,73
1,73
105,73
54,74
47,74
56,74
59,74
51,74
46,74
106,74
103,74
137,74
145,74
135,74
45,74
19,74
52,74
141,74
134,74
110,74
138,74
53,74
146,74
136,75
108,75
65,75
37,75
140,75
71,75
139,75
103,75
64,75
67,75
141,75
41,75
38,75
153,75
138,75
155,75
156,75
154,75
152,75
66,75
105,75
136,76
108,76
142,76
37,76
111,76
143,76
36,76
26,76
68,76
6,76
64,76
21,76
30,76
112,76
18,76
110,76
38,76
40,76
39,76
75,76
10,76
109,76
57,77
56,77
33,77
79,77
111,77
144,77
77,77
113,77
137,77
21,77
112,77
20,77
67,77
42,77
110,77
40,77
62,77
80,77
109,77
66,77
136,78
142,78
37,78
47,78
86,78
36,78
149,78
104,78
50,78
90,78
112,78
135,78
16,78
42,78
114,78
150,78
40,78
155,78
152,78
80,78
28,79
54,79
59,79
95,79
8,79
26,79
106,79
68,79
50,79
112,79
52,79
157,79
114,79
62,79
91,79
153,79
71,79
39,79
151,79
57,80
37,80
79,80
95,80
77,80
8,80
51,80
72,80
116,80
102,80
50,80
6,80
90,80
18,80
67,80
41,80
38,80
91,80
9,80
98,80
17,80
108,81
142,81
65,81
144,81
140,81
87,81
11,81
113,81
68,81
148,81
64,81
17,81
100,81
157,81
114,81
13,81
10,81
109,81
66,81
33,82
86,82
143,82
36,82
72,82
116,82
148,82
137,82
45,82
52,82
35,82
14,82
156,82
75,82
147,82
151,82
59,83
29,83
111,83
46,83
146,83
113,83
148,83
115,83
117,83
18,83
100,83
98,83
35,83
31,83
53,83
154,83
10,83
1,83
65,84
47,84
144,84
140,84
87,84
46,84
139,84
102,84
117,84
145,84
30,84
27,84
5,84
141,84
146,84
75,84
109,84
147,84
57,85
37,85
54,85
65,85
33,85
15,85
148,85
103,85
20,85
19,85
91,85
14,85
31,85
154,85
62,85
13,85
111,86
87,86
139,86
149,86
137,86
135,86
45,86
5,86
52,86
42,86
110,86
153,86
156,86
71,86
39,86
17,86
66,86
151,86
16,87
86,87
77,87
87,87
35,87
30,87
104,87
53,87
102,87
50,87
90,87
145,87
28,88
79,88
29,88
140,88
139,88
102,88
103,88
112,88
16,88
18,88
67,88
42,88
141,88
62,88
150,88
155,88
152,88
10,88
147,88
105,88
95,89
8,89
51,89
11,89
26,89
106,89
50,89
115,89
117,89
45,89
67,89
134,89
41,89
138,89
9,89
98,89
66,89
105,89
28,90
59,90
134,90
6,90
143,90
151,90
20,91
28,91
56,91
86,91
114,91
87,91
36,91
6,91
106,91
40,91
104,91
80,91
98,91
90,91
14,92
65,92
33,92
15,92
91,92
20,93
31,93
14,93
37,93
15,93
108,94
47,94
144,94
41,94
51,94
72,94
46,94
146,94
71,94
64,94
7,95
57,95
28,95
37,95
15,96
8,96
87,96
11,96
149,96
6,96
145,96
7,96
5,96
134,96
114,96
160,96
159,96
161,96
153,96
158,96
150,96
14,96
138,96
13,96
1,96
136,97
28,97
75,97
33,97
29,97
15,97
143,97
36,97
71,97
104,97
21,97
117,97
30,97
135,97
16,97
20,97
19,97
27,97
5,97
42,97
141,97
35,97
14,97
31,97
62,97
39,97
80,97
1,97
105,97
54,98
47,98
56,98
59,98
86,98
46,98
163,98
106,98
103,98
137,98
145,98
135,98
45,98
19,98
52,98
141,98
134,98
160,98
161,98
162,98
138,98
53,98
146,98
152,98
147,98
136,99
65,99
86,99
140,99
154,99
71,99
139,99
165,99
103,99
64,99
141,99
38,99
159,99
164,99
153,99
158,99
138,99
155,99
166,99
152,99
105,99
136,100
142,100
37,100
140,100
36,100
167,100
165,100
6,100
64,100
21,100
30,100
112,100
19,100
18,100
110,100
38,100
159,100
162,100
138,100
39,100
75,100
10,100
109,100
57,101
142,101
56,101
33,101
79,101
144,101
77,101
168,101
163,101
149,101
68,101
137,101
21,101
112,101
20,101
42,101
110,101
162,101
156,101
166,101
62,101
80,101
66,101
136,102
142,102
37,102
47,102
86,102
140,102
36,102
104,102
50,102
90,102
112,102
135,102
16,102
42,102
114,102
164,102
31,102
169,102
155,102
154,102
80,102
115,102
105,102
28,103
54,103
59,103
8,103
106,103
170,103
104,103
68,103
167,103
165,103
50,103
112,103
52,103
157,103
164,103
153,103
35,103
39,103
151,103
57,104
37,104
47,104
79,104
77,104
8,104
116,104
102,104
148,104
50,104
6,104
90,104
7,104
18,104
114,104
110,104
38,104
66,104
150,104
98,104
115,104
142,105
65,105
144,105
140,105
168,105
77,105
87,105
11,105
139,105
68,105
148,105
64,105
100,105
157,105
114,105
162,105
13,105
10,105
109,105
66,105
33,106
86,106
143,106
36,106
163,106
116,106
149,106
148,106
137,106
45,106
52,106
161,106
164,106
14,106
71,106
75,106
147,106
151,106
29,107
144,107
15,107
143,107
46,107
154,107
115,107
117,107
18,107
100,107
98,107
35,107
31,107
169,107
53,107
156,107
146,107
10,107
1,107
65,108
54,108
47,108
87,108
46,108
139,108
102,108
167,108
117,108
145,108
30,108
27,108
5,108
141,108
134,108
156,108
146,108
39,108
75,108
109,108
147,108
57,109
65,109
54,109
37,109
33,109
79,109
15,109
143,109
148,109
103,109
7,109
20,109
19,109
161,109
14,109
31,109
154,109
62,109
13,109
168,110
87,110
163,110
139,110
149,110
137,110
135,110
45,110
5,110
52,110
42,110
110,110
153,110
169,110
156,110
166,110
71,110
39,110
66,110
16,111
160,111
86,111
77,111
87,111
158,111
35,111
30,111
104,111
53,111
102,111
50,111
90,111
145,111
142,112
28,112
79,112
29,112
140,112
163,112
139,112
149,112
102,112
103,112
145,112
112,112
16,112
42,112
159,112
164,112
150,112
155,112
166,112
10,112
147,112
105,112
77,113
143,113
11,113
116,113
106,113
50,113
117,113
112,113
45,113
27,113
134,113
31,113
155,113
156,113
98,113
115,113
105,113
86,114
28,114
150,114
134,114
114,114
151,114
136,115
20,115
28,115
56,115
86,115
114,115
87,115
36,115
6,115
106,115
169,115
104,115
80,115
98,115
90,115
161,116
14,116
65,116
154,116
33,116
161,117
20,117
31,117
14,117
103,117
47,118
141,118
144,118
157,118
165,118
46,118
153,118
146,118
148,118
71,118
64,118
7,119
57,119
28,119
37,119
15,120
8,120
11,120
149,120
6,120
173,120
7,120
172,120
18,120
5,120
171,120
134,120
160,120
159,120
161,120
153,120
158,120
150,120
14,120
174,120
1,120
136,121
28,121
75,121
33,121
29,121
144,121
15,121
143,121
36,121
71,121
104,121
21,121
117,121
30,121
135,121
16,121
20,121
19,121
27,121
5,121
42,121
35,121
14,121
31,121
62,121
39,121
80,121
1,121
105,121
54,122
56,122
86,122
166,122
176,122
46,122
106,122
167,122
175,122
173,122
45,122
19,122
52,122
171,122
141,122
134,122
160,122
161,122
162,122
138,122
155,122
177,122
146,122
174,122
147,122
136,123
65,123
140,123
71,123
178,123
139,123
165,123
103,123
64,123
152,123
141,123
157,123
159,123
164,123
153,123
158,123
138,123
155,123
154,123
174,123
105,123
136,124
37,124
166,124
176,124
36,124
139,124
165,124
6,124
64,124
21,124
30,124
112,124
19,124
18,124
42,124
159,124
162,124
153,124
138,124
146,124
152,124
75,124
10,124
57,125
142,125
56,125
33,125
79,125
144,125
77,125
168,125
26,125
178,125
149,125
68,125
21,125
112,125
20,125
42,125
110,125
162,125
169,125
166,125
62,125
80,125
66,125
136,126
142,126
37,126
47,126
179,126
86,126
36,126
104,126
50,126
180,126
112,126
173,126
135,126
16,126
42,126
114,126
31,126
169,126
155,126
154,126
152,126
80,126
115,126
28,127
54,127
176,127
8,127
106,127
170,127
68,127
167,127
50,127
180,127
112,127
52,127
157,127
114,127
164,127
153,127
138,127
39,127
151,127
57,128
142,128
37,128
47,128
79,128
77,128
8,128
170,128
103,128
6,128
50,128
7,128
18,128
114,128
110,128
66,128
150,128
152,128
98,128
109,128
115,128
65,129
179,129
144,129
140,129
168,129
77,129
11,129
178,129
139,129
68,129
165,129
64,129
172,129
100,129
157,129
162,129
10,129
66,129
151,129
33,130
86,130
143,130
26,130
149,130
178,130
45,130
172,130
151,130
52,130
161,130
164,130
35,130
177,130
71,130
147,130
105,130
29,131
176,131
143,131
46,131
154,131
115,131
117,131
175,131
16,131
18,131
100,131
171,131
98,131
35,131
31,131
156,131
146,131
10,131
1,131
65,132
54,132
47,132
179,132
166,132
46,132
139,132
170,132
167,132
117,132
175,132
30,132
27,132
5,132
141,132
134,132
156,132
146,132
39,132
75,132
109,132
57,133
142,133
65,133
37,133
33,133
79,133
15,133
143,133
103,133
7,133
20,133
19,133
171,133
161,133
14,133
31,133
154,133
62,133
109,133
168,134
71,134
139,134
149,134
135,134
45,134
172,134
5,134
52,134
42,134
110,134
153,134
169,134
155,134
156,134
166,134
177,134
39,134
66,134
152,135
16,135
160,135
86,135
77,135
158,135
35,135
170,135
30,135
104,135
166,135
62,135
50,135
175,135
180,135
142,136
28,136
33,136
29,136
79,136
139,136
170,136
149,136
103,136
112,136
173,136
16,136
98,136
159,136
164,136
150,136
155,136
174,136
10,136
147,136
105,136
57,137
54,137
140,137
77,137
143,137
117,137
112,137
45,137
27,137
171,137
134,137
110,137
31,137
155,137
156,137
39,137
98,137
86,138
28,138
150,138
134,138
114,138
151,138
136,139
20,139
28,139
142,139
56,139
86,139
114,139
36,139
6,139
106,139
169,139
104,139
80,139
98,139
180,139
57,140
14,140
65,140
154,140
33,140
161,141
20,141
14,141
142,141
171,141
179,142
47,142
141,142
144,142
46,142
178,142
146,142
71,142
64,142
147,142
7,143
28,143
15,143
109,143
181,144
15,144
8,144
11,144
103,144
6,144
173,144
172,144
18,144
5,144
171,144
134,144
114,144
160,144
159,144
161,144
153,144
14,144
150,144
1,144
136,145
28,145
75,145
33,145
29,145
144,145
15,145
143,145
36,145
71,145
117,145
30,145
135,145
16,145
20,145
19,145
27,145
5,145
42,145
35,145
14,145
138,145
31,145
62,145
39,145
80,145
1,145
105,145
54,146
56,146
86,146
166,146
176,146
46,146
106,146
167,146
175,146
173,146
45,146
19,146
52,146
171,146
141,146
134,146
160,146
161,146
162,146
155,146
146,146
174,146
147,146
182,146
136,147
183,147
65,147
140,147
71,147
178,147
139,147
165,147
103,147
64,147
174,147
152,147
141,147
159,147
164,147
153,147
138,147
155,147
154,147
184,147
105,147
136,148
179,148
166,148
176,148
36,148
139,148
184,148
165,148
6,148
64,148
175,148
30,148
112,148
19,148
18,148
159,148
162,148
153,148
138,148
146,148
152,148
75,148
10,148
185,149
57,149
142,149
186,149
56,149
33,149
77,149
168,149
26,149
178,149
68,149
20,149
42,149
160,149
110,149
162,149
169,149
177,149
166,149
62,149
80,149
66,149
136,150
183,150
142,150
47,150
179,150
181,150
86,150
168,150
36,150
184,150
165,150
180,150
112,150
173,150
135,150
16,150
187,150
42,150
114,150
31,150
169,150
152,150
80,150
188,151
189,151
185,151
54,151
186,151
8,151
26,151
170,151
106,151
68,151
167,151
180,151
151,151
52,151
157,151
164,151
39,151
182,151
57,152
142,152
47,152
77,152
8,152
170,152
103,152
6,152
112,152
18,152
114,152
110,152
66,152
153,152
150,152
154,152
152,152
98,152
109,152
115,152
183,153
65,153
179,153
140,153
168,153
11,153
178,153
68,153
64,153
180,153
172,153
100,153
157,153
162,153
189,153
10,153
66,153
151,153
54,154
33,154
86,154
36,154
26,154
45,154
172,154
52,154
157,154
190,154
161,154
164,154
177,154
71,154
147,154
151,154
144,155
29,155
176,155
143,155
46,155
146,155
115,155
175,155
117,155
18,155
100,155
98,155
190,155
35,155
31,155
154,155
10,155
1,155
188,156
65,156
47,156
179,156
166,156
46,156
139,156
170,156
167,156
117,156
30,156
27,156
5,156
187,156
141,156
134,156
146,156
75,156
98,156
109,156
57,157
65,157
33,157
15,157
140,157
143,157
103,157
20,157
19,157
171,157
160,157
62,157
161,157
14,157
31,157
154,157
71,157
109,157
188,158
186,158
176,158
168,158
139,158
135,158
45,158
172,158
5,158
52,158
42,158
110,158
169,158
155,158
177,158
39,158
66,158
182,158
188,159
16,159
181,159
187,159
86,159
77,159
35,159
170,159
166,159
62,159
189,159
175,159
30,159
182,159
183,160
185,160
142,160
179,160
181,160
29,160
170,160
167,160
103,160
112,160
173,160
16,160
42,160
164,160
162,160
150,160
155,160
174,160
10,160
147,160
105,160
57,161
54,161
140,161
77,161
165,161
117,161
112,161
45,161
27,161
98,161
171,161
134,161
110,161
31,161
155,161
39,161
10,161
136,162
114,162
177,162
181,162
134,162
86,162
151,162
136,163
20,163
142,163
56,163
187,163
86,163
114,163
190,163
36,163
6,163
153,163
169,163
80,163
180,163
57,164
14,164
65,164
154,164
33,164
161,165
57,165
20,165
14,165
171,165
185,166
47,166
141,166
144,166
176,166
46,166
178,166
146,166
71,166
64,166
15,167
28,167
143,167
109,167
181,168
15,168
8,168
11,168
6,168
175,168
172,168
18,168
5,168
171,168
134,168
160,168
191,168
159,168
193,168
153,168
14,168
150,168
192,168
1,168
182,168
136,169
179,169
75,169
33,169
29,169
144,169
15,169
143,169
36,169
71,169
26,169
30,169
135,169
16,169
20,169
19,169
27,169
5,169
141,169
160,169
35,169
14,169
138,169
31,169
62,169
39,169
80,169
1,169
105,169
183,170
54,170
56,170
86,170
166,170
176,170
46,170
106,170
167,170
197,170
175,170
196,170
45,170
195,170
19,170
52,170
171,170
141,170
160,170
162,170
194,170
177,170
146,170
174,170
155,170
147,170
182,170
136,171
183,171
65,171
86,171
140,171
71,171
178,171
139,171
198,171
174,171
152,171
196,171
141,171
191,171
164,171
153,171
138,171
192,171
155,171
154,171
184,171
105,171
201,172
166,172
176,172
36,172
26,172
139,172
200,172
6,172
175,172
30,172
112,172
152,172
19,172
18,172
159,172
199,172
153,172
162,172
138,172
146,172
184,172
75,172
10,172
185,173
57,173
142,173
186,173
56,173
33,173
77,173
26,173
178,173
68,173
197,173
195,173
20,173
110,173
193,173
164,173
162,173
169,173
177,173
166,173
62,173
80,173
66,173
182,173
136,174
183,174
185,174
142,174
47,174
202,174
181,174
86,174
36,174
200,174
180,174
198,174
112,174
135,174
196,174
16,174
152,174
187,174
114,174
150,174
169,174
146,174
184,174
80,174
201,175
188,175
54,175
186,175
202,175
179,175
8,175
26,175
106,175
68,175
200,175
167,175
16,175
52,175
114,175
193,175
164,175
199,175
39,175
151,175
57,176
142,176
47,176
181,176
77,176
8,176
154,176
178,176
6,176
112,176
18,176
134,176
114,176
110,176
159,176
66,176
153,176
150,176
169,176
166,176
152,176
98,176
115,176
188,177
185,177
65,177
186,177
202,177
140,177
11,177
178,177
68,177
180,177
196,177
172,177
100,177
199,177
162,177
192,177
194,177
184,177
189,177
10,177
66,177
151,177
54,178
33,178
86,178
36,178
178,178
198,178
135,178
45,178
195,178
172,178
52,178
190,178
164,178
177,178
189,178
147,178
151,178
201,179
29,179
144,179
176,179
143,179
46,179
154,179
115,179
175,179
18,179
100,179
98,179
190,179
199,179
35,179
31,179
146,179
10,179
1,179
188,180
65,180
47,180
179,180
46,180
139,180
200,180
167,180
180,180
30,180
27,180
5,180
187,180
141,180
134,180
190,180
191,180
138,180
189,180
75,180
98,180
57,181
28,181
65,181
179,181
33,181
15,181
140,181
143,181
166,181
71,181
30,181
20,181
19,181
171,181
160,181
14,181
31,181
177,181
154,181
62,181
188,182
186,182
139,182
198,182
135,182
196,182
172,182
45,182
5,182
52,182
110,182
199,182
169,182
155,182
177,182
174,182
39,182
66,182
182,182
188,183
86,183
77,183
200,183
197,183
175,183
30,183
198,183
16,183
187,183
191,183
35,183
194,183
166,183
62,183
189,183
201,184
183,184
142,184
186,184
181,184
29,184
167,184
112,184
196,184
172,184
195,184
16,184
164,184
162,184
35,184
150,184
192,184
155,184
174,184
147,184
105,184
201,185
54,185
140,185
77,185
10,185
112,185
45,185
27,185
187,185
171,185
110,185
162,185
31,185
155,185
39,185
98,185
136,186
188,186
181,186
134,186
114,186
176,186
68,186
177,186
136,187
20,187
142,187
56,187
187,187
202,187
86,187
114,187
190,187
36,187
6,187
169,187
80,187
180,187
71,188
31,188
65,188
154,188
33,188
71,189
20,189
31,189
171,189
30,189
185,190
47,190
144,190
46,190
193,190
178,190
192,190
194,190
154,190
71,190
57,191
28,191
15,191
143,191
115,191
204,192
15,192
176,192
8,192
11,192
6,192
18,192
5,192
171,192
134,192
160,192
191,192
159,192
193,192
14,192
150,192
205,192
192,192
203,192
1,192
182,192
136,193
179,193
75,193
29,193
144,193
1,193
143,193
15,193
71,193
26,193
180,193
198,193
30,193
135,193
118,193
20,193
19,193
27,193
5,193
151,193
141,193
160,193
35,193
14,193
31,193
177,193
62,193
39,193
80,193
147,193
105,193
183,194
186,194
211,194
56,194
86,194
46,194
106,194
208,194
209,194
197,194
175,194
45,194
195,194
19,194
52,194
187,194
171,194
141,194
147,194
160,194
206,194
162,194
194,194
155,194
146,194
210,194
207,194
182,194
136,195
183,195
185,195
65,195
186,195
29,195
86,195
71,195
213,195
198,195
212,195
196,195
152,195
141,195
191,195
62,195
153,195
205,195
155,195
154,195
184,195
75,195
203,195
105,195
201,196
179,196
166,196
176,196
213,196
139,196
200,196
6,196
175,196
30,196
112,196
212,196
152,196
19,196
18,196
159,196
199,196
153,196
162,196
146,196
184,196
75,196
10,196
188,197
183,197
185,197
186,197
211,197
144,197
77,197
26,197
68,197
208,197
197,197
214,197
212,197
195,197
20,197
110,197
193,197
162,197
169,197
205,197
177,197
166,197
62,197
80,197
66,197
182,197
136,198
215,198
47,198
202,198
56,198
144,198
216,198
71,198
200,198
180,198
198,198
112,198
135,198
196,198
152,198
187,198
206,198
159,198
150,198
169,198
155,198
146,198
184,198
80,198
204,199
201,199
186,199
179,199
202,199
8,199
213,199
26,199
106,199
68,199
200,199
214,199
118,199
193,199
164,199
153,199
199,199
35,199
39,199
151,199
47,200
181,200
166,200
176,200
77,200
8,200
139,200
6,200
112,200
152,200
18,200
134,200
110,200
159,200
66,200
164,200
153,200
162,200
150,200
169,200
154,200
184,200
98,200
115,200
204,201
188,201
185,201
215,201
65,201
202,201
216,201
11,201
106,201
68,201
197,201
196,201
199,201
192,201
194,201
184,201
217,201
10,201
66,201
56,202
86,202
209,202
175,202
203,202
198,202
135,202
45,202
195,202
52,202
190,202
164,202
177,202
166,202
71,202
210,202
147,202
151,202
201,203
29,203
176,203
143,203
154,203
218,203
115,203
175,203
112,203
118,203
18,203
98,203
190,203
193,203
199,203
35,203
31,203
146,203
217,203
10,203
1,203
188,204
65,204
47,204
56,204
179,204
46,204
213,204
139,204
218,204
200,204
180,204
30,204
27,204
5,204
187,204
141,204
134,204
190,204
191,204
192,204
75,204
98,204
203,204
207,204
65,205
179,205
15,205
166,205
143,205
214,205
30,205
212,205
20,205
19,205
171,205
134,205
160,205
62,205
14,205
31,205
177,205
154,205
71,205
188,206
215,206
186,206
216,206
139,206
197,206
135,206
45,206
5,206
52,206
110,206
66,206
199,206
169,206
155,206
177,206
39,206
207,206
182,206
188,207
118,207
187,207
86,207
77,207
191,207
205,207
194,207
209,207
200,207
208,207
197,207
175,207
30,207
198,207
204,208
201,208
183,208
211,208
29,208
144,208
175,208
112,208
196,208
195,208
118,208
171,208
206,208
162,208
35,208
150,208
192,208
155,208
98,208
203,208
147,208
105,208
201,209
27,209
187,209
171,209
77,209
190,209
216,209
110,209
162,209
10,209
31,209
155,209
39,209
98,209
112,209
188,210
68,210
191,210
177,210
134,210
216,210
136,211
20,211
56,211
202,211
86,211
190,211
6,211
153,211
169,211
205,211
80,211
214,211
180,211
198,211
14,212
65,212
154,212
71,212
143,212
71,213
154,213
171,213
214,213
30,213
18,214
8,214
6,214
98,214
77,214
185,215
47,215
144,215
216,215
46,215
193,215
192,215
194,215
154,215
71,215
15,216
115,216
28,216
143,216
204,217
15,217
8,217
11,217
6,217
220,217
18,217
5,217
171,217
134,217
160,217
191,217
159,217
193,217
14,217
192,217
205,217
219,217
203,217
1,217
182,217
136,218
179,218
225,218
29,218
1,218
143,218
15,218
223,218
26,218
224,218
175,218
180,218
198,218
30,218
135,218
221,218
20,218
27,218
222,218
5,218
141,218
160,218
191,218
14,218
31,218
177,218
62,218
58,218
147,218
105,218
204,219
227,219
215,219
228,219
186,219
56,219
86,219
176,219
229,219
106,219
208,219
230,219
197,219
175,219
45,219
195,219
52,219
171,219
141,219
160,219
147,219
206,219
194,219
146,219
226,219
207,219
136,220
185,220
186,220
29,220
86,220
231,220
223,220
213,220
197,220
198,220
221,220
212,220
196,220
141,220
191,220
153,220
205,220
154,220
184,220
203,220
207,220
105,220
201,221
225,221
166,221
176,221
231,221
146,221
213,221
139,221
208,221
200,221
230,221
6,221
175,221
30,221
112,221
232,221
212,221
18,221
159,221
199,221
153,221
162,221
229,221
182,221
188,222
185,222
177,222
166,222
77,222
231,222
26,222
68,222
208,222
230,222
197,222
214,222
212,222
195,222
20,222
222,222
110,222
234,222
193,222
162,222
169,222
233,222
219,222
62,222
66,222
182,222
136,223
215,223
47,223
202,223
216,223
236,223
218,223
224,223
200,223
180,223
112,223
232,223
135,223
196,223
235,223
187,223
206,223
159,223
234,223
169,223
229,223
226,223
58,223
204,224
201,224
186,224
179,224
202,224
8,224
213,224
26,224
106,224
68,224
200,224
214,224
219,224
199,224
153,224
164,224
205,224
146,224
47,225
166,225
176,225
77,225
8,225
6,225
112,225
18,225
187,225
134,225
190,225
110,225
159,225
66,225
164,225
153,225
199,225
162,225
169,225
154,225
184,225
98,225
115,225
182,225
188,226
185,226
215,226
202,226
143,226
216,226
11,226
106,226
68,226
214,226
232,226
196,226
235,226
199,226
192,226
194,226
233,226
184,226
66,226
228,227
56,227
86,227
166,227
236,227
223,227
208,227
198,227
135,227
45,227
195,227
52,227
237,227
190,227
164,227
177,227
229,227
147,227
201,228
227,228
29,228
176,228
143,228
146,228
218,228
115,228
175,228
232,228
18,228
235,228
190,228
193,228
31,228
154,228
98,228
1,228
201,229
227,229
188,229
47,229
56,229
179,229
236,229
213,229
139,229
218,229
200,229
180,229
30,229
221,229
27,229
5,229
187,229
134,229
192,229
98,229
203,229
207,229
179,230
15,230
143,230
214,230
30,230
212,230
20,230
222,230
171,230
134,230
160,230
14,230
31,230
177,230
154,230
62,230
1,230
105,230
215,231
228,231
186,231
216,231
236,231
223,231
139,231
230,231
135,231
45,231
5,231
52,231
110,231
66,231
199,231
169,231
233,231
177,231
207,231
188,232
228,232
187,232
86,232
77,232
191,232
223,232
205,232
194,232
208,232
200,232
30,232
197,232
219,232
198,232
204,233
227,233
201,233
225,233
29,233
223,233
226,233
230,233
175,233
112,233
221,233
196,233
195,233
171,233
206,233
234,233
162,233
192,233
98,233
203,233
147,233
105,233
212,234
27,234
222,234
171,234
187,234
77,234
206,234
216,234
110,234
162,234
31,234
233,234
6,234
58,234
112,234
188,235
68,235
191,235
177,235
134,235
216,235
136,236
20,236
220,236
56,236
202,236
86,236
153,236
218,236
205,236
169,236
6,236
214,236
180,236
198,236
14,237
179,237
154,237
143,237
1,237
179,238
154,238
171,238
214,238
30,238
18,239
8,239
6,239
98,239
77,239
212,240
185,240
47,240
235,240
193,240
231,240
192,240
194,240
200,240
58,240
15,241
115,241
28,241
143,241
204,242
240,242
15,242
238,242
8,242
224,242
241,242
18,242
5,242
239,242
171,242
134,242
191,242
159,242
193,242
14,242
192,242
205,242
219,242
203,242
1,242
182,242
136,243
215,243
179,243
242,243
15,243
1,243
143,243
213,243
223,243
26,243
224,243
208,243
175,243
180,243
30,243
232,243
135,243
221,243
27,243
222,243
5,243
141,243
206,243
14,243
31,243
205,243
177,243
58,243
147,243
105,243
204,244
227,244
246,244
215,244
186,244
56,244
238,244
106,244
230,244
197,244
245,244
175,244
244,244
45,244
195,244
243,244
235,244
171,244
141,244
206,244
162,244
247,244
146,244
226,244
207,244
248,244
136,245
186,245
249,245
231,245
223,245
213,245
198,245
221,245
212,245
196,245
239,245
141,245
190,245
191,245
234,245
153,245
205,245
154,245
184,245
226,245
207,245
105,245
201,246
225,246
231,246
146,246
213,246
139,246
200,246
230,246
197,246
245,246
175,246
30,246
112,246
232,246
212,246
244,246
18,246
159,246
162,246
153,246
250,246
229,246
227,247
240,247
246,247
251,247
225,247
77,247
26,247
182,247
253,247
68,247
208,247
230,247
241,247
197,247
254,247
212,247
195,247
222,247
252,247
256,247
255,247
234,247
193,247
162,247
169,247
233,247
177,247
58,247
66,247
248,247
136,248
251,248
257,248
179,248
202,248
216,248
218,248
224,248
200,248
180,248
112,248
232,248
135,248
235,248
252,248
255,248
206,248
159,248
234,248
250,248
169,248
229,248
226,248
204,249
201,249
246,249
186,249
202,249
8,249
213,249
146,249
26,249
106,249
253,249
68,249
200,249
197,249
214,249
254,249
243,249
164,249
153,249
199,249
219,249
188,250
176,250
77,250
8,250
154,250
231,250
139,250
112,250
212,250
18,250
187,250
134,250
191,250
159,250
164,250
153,250
199,250
162,250
192,250
169,250
229,250
184,250
98,250
203,250
66,250
182,250
215,251
257,251
202,251
56,251
225,251
143,251
236,251
216,251
258,251
253,251
68,251
214,251
232,251
196,251
244,251
199,251
192,251
233,251
184,251
66,251
56,252
236,252
139,252
208,252
230,252
198,252
135,252
45,252
195,252
239,252
237,252
190,252
164,252
250,252
177,252
229,252
201,253
227,253
257,253
176,253
143,253
146,253
218,253
175,253
232,253
243,253
18,253
235,253
193,253
31,253
154,253
98,253
1,253
248,253
201,254
188,254
179,254
249,254
236,254
213,254
258,254
139,254
200,254
180,254
30,254
221,254
27,254
5,254
187,254
134,254
255,254
250,254
192,254
98,254
203,254
207,254
179,255
15,255
143,255
241,255
214,255
105,255
245,255
30,255
212,255
222,255
171,255
134,255
193,255
14,255
31,255
177,255
154,255
1,255
248,255
240,256
246,256
215,256
186,256
225,256
216,256
236,256
139,256
253,256
254,256
135,256
45,256
5,256
239,256
256,256
255,256
66,256
199,256
169,256
233,256
177,256
207,256
227,257
188,257
243,257
187,257
77,257
191,257
234,257
223,257
205,257
30,257
208,257
200,257
219,257
198,257
204,258
227,258
201,258
257,258
249,258
259,258
238,258
226,258
230,258
241,258
112,258
221,258
196,258
195,258
255,258
234,258
162,258
192,258
98,258
147,258
248,258
216,259
77,259
245,259
112,259
212,259
45,259
27,259
252,259
171,259
187,259
190,259
206,259
31,259
233,259
58,259
147,259
188,260
68,260
191,260
177,260
134,260
216,260
136,261
246,261
251,261
239,261
56,261
202,261
153,261
169,261
218,261
224,261
208,261
214,261
180,261
198,261
247,262
154,262
134,262
143,262
1,262
212,263
154,263
171,263
134,263
214,263
18,264
8,264
112,264
98,264
77,264
159,264
212,265
235,265
252,265
193,265
231,265
258,265
192,265
177,265
200,265
197,265
58,265
15,266
28,266
176,266
143,266
204,267
15,267
238,267
224,267
262,267
260,267
18,267
239,267
134,267
261,267
191,267
159,267
193,267
14,267
192,267
219,267
263,267
203,267
1,267
182,267
251,268
215,268
179,268
242,268
15,268
1,268
143,268
267,268
213,268
223,268
258,268
224,268
264,268
265,268
214,268
175,268
180,268
198,268
232,268
30,268
221,268
27,268
222,268
141,268
250,268
14,268
31,268
266,268
147,268
105,268
204,269
227,269
246,269
215,269
269,269
56,269
238,269
106,269
268,269
230,269
197,269
245,269
175,269
262,269
244,269
195,269
243,269
235,269
252,269
141,269
261,269
162,269
270,269
146,269
226,269
248,269
269,270
186,270
249,270
238,270
231,270
223,270
213,270
268,270
198,270
221,270
212,270
196,270
239,270
141,270
263,270
191,270
255,270
234,270
153,270
154,270
184,270
105,270
201,271
225,271
231,271
146,271
213,271
139,271
200,271
230,271
197,271
245,271
175,271
30,271
112,271
212,271
196,271
244,271
260,271
18,271
159,271
153,271
250,271
229,271
227,272
272,272
246,272
251,272
225,272
267,272
182,272
253,272
230,272
197,272
214,272
254,272
195,272
222,272
273,272
234,272
193,272
271,272
162,272
169,272
270,272
233,272
226,272
248,272
257,273
179,273
202,273
249,273
267,273
216,273
218,273
224,273
264,273
200,273
265,273
245,273
180,273
112,273
243,273
273,273
235,273
252,273
159,273
169,273
229,273
226,273
204,274
201,274
246,274
269,274
186,274
202,274
213,274
106,274
253,274
264,274
68,274
200,274
197,274
254,274
164,274
153,274
199,274
270,274
219,274
188,275
176,275
154,275
231,275
139,275
203,275
112,275
212,275
18,275
187,275
134,275
191,275
255,275
159,275
234,275
164,275
153,275
199,275
162,275
192,275
169,275
229,275
184,275
98,275
58,275
182,275
188,276
215,276
257,276
202,276
225,276
216,276
236,276
258,276
253,276
68,276
214,276
232,276
196,276
244,276
260,276
273,276
199,276
233,276
184,276
56,277
225,277
274,277
236,277
139,277
230,277
198,277
195,277
239,277
261,277
164,277
250,277
271,277
266,277
229,277
263,277
201,278
227,278
257,278
186,278
176,278
143,278
154,278
218,278
175,278
262,278
232,278
260,278
18,278
235,278
193,278
31,278
146,278
98,278
1,278
248,278
201,279
188,279
179,279
249,279
236,279
258,279
139,279
218,279
200,279
265,279
180,279
30,279
221,279
27,279
187,279
134,279
255,279
250,279
192,279
98,279
203,279
147,279
179,280
242,280
15,280
143,280
264,280
197,280
214,280
245,280
105,280
212,280
222,280
134,280
193,280
14,280
31,280
154,280
1,280
248,280
246,281
215,281
186,281
216,281
236,281
139,281
253,281
230,281
254,281
232,281
243,281
239,281
273,281
261,281
255,281
271,281
199,281
169,281
233,281
227,282
188,282
243,282
269,282
191,282
219,282
234,282
265,282
223,282
270,282
30,282
200,282
226,282
262,282
198,282
204,283
227,283
201,283
257,283
249,283
238,283
268,283
262,283
221,283
196,283
195,283
244,283
260,283
255,283
234,283
162,283
192,283
263,283
98,283
147,283
212,284
243,284
27,284
252,284
187,284
216,284
247,284
31,284
266,284
233,284
268,284
245,284
58,284
147,284
112,284
232,285
188,285
251,285
68,285
134,285
216,285
272,286
251,286
239,286
56,286
202,286
153,286
169,286
218,286
224,286
266,286
214,286
180,286
198,286
193,287
247,287
264,287
154,287
134,287
1,287
105,287
134,288
193,288
247,288
264,288
154,288
197,288
214,288
105,288
153,289
18,289
112,289
98,289
159,289
252,290
235,290
265,290
193,290
271,290
192,290
268,290
263,290
58,290
248,290
15,291
28,291
176,291
143,291
204,292
15,292
238,292
275,292
267,292
146,292
224,292
276,292
260,292
18,292
239,292
134,292
261,292
191,292
159,292
193,292
14,292
192,292
219,292
203,292
1,292
182,292
251,293
215,293
179,293
242,293
15,293
275,293
143,293
1,293
267,293
213,293
223,293
258,293
224,293
264,293
214,293
175,293
180,293
198,293
232,293
30,293
222,293
277,293
141,293
250,293
14,293
31,293
266,293
233,293
226,293
147,293
105,293
204,294
227,294
246,294
215,294
269,294
56,294
249,294
238,294
106,294
268,294
197,294
245,294
175,294
262,294
276,294
195,294
243,294
260,294
244,294
252,294
141,294
261,294
271,294
162,294
270,294
146,294
263,294
248,294
251,295
269,295
249,295
238,295
275,295
231,295
268,295
278,295
198,295
262,295
212,295
196,295
239,295
277,295
141,295
263,295
191,295
255,295
234,295
153,295
184,295
105,295
201,296
225,296
275,296
231,296
213,296
139,296
200,296
245,296
175,296
219,296
30,296
112,296
212,296
196,296
279,296
276,296
260,296
18,296
244,296
273,296
277,296
159,296
153,296
146,296
227,297
272,297
246,297
251,297
225,297
281,297
106,297
253,297
264,297
282,297
197,297
214,297
248,297
254,297
278,297
280,297
222,297
273,297
235,297
234,297
193,297
271,297
162,297
250,297
169,297
270,297
182,297
257,298
179,298
202,298
267,298
216,298
146,298
218,298
224,298
200,298
265,298
245,298
278,298
180,298
112,298
280,298
276,298
243,298
273,298
235,298
252,298
159,298
169,298
229,298
226,298
204,299
201,299
246,299
269,299
202,299
213,299
223,299
146,299
106,299
253,299
264,299
200,299
197,299
254,299
279,299
280,299
261,299
164,299
199,299
270,299
219,299
246,300
179,300
15,300
143,300
264,300
197,300
214,300
105,300
245,300
278,300
212,300
222,300
134,300
193,300
14,300
31,300
154,300
1,300
248,300
188,301
176,301
231,301
139,301
265,301
112,301
212,301
195,301
18,301
187,301
134,301
191,301
255,301
159,301
234,301
164,301
153,301
199,301
162,301
192,301
169,301
229,301
184,301
98,301
203,301
182,301
188,302
215,302
257,302
202,302
225,302
274,302
216,302
236,302
213,302
258,302
253,302
282,302
214,302
232,302
196,302
244,302
273,302
199,302
233,302
229,302
184,302
195,303
198,303
239,303
56,303
225,303
267,303
236,303
164,303
281,303
271,303
139,303
266,303
224,303
229,303
279,303
201,304
227,304
257,304
176,304
143,304
218,304
175,304
262,304
232,304
243,304
18,304
235,304
277,304
193,304
153,304
31,304
263,304
98,304
1,304
248,304
201,305
188,305
179,305
249,305
236,305
281,305
258,305
139,305
218,305
200,305
265,305
282,305
180,305
30,305
244,305
187,305
134,305
255,305
250,305
192,305
98,305
203,305
147,305
215,306
216,306
236,306
139,306
106,306
253,306
282,306
254,306
232,306
280,306
243,306
239,306
277,306
261,306
255,306
199,306
169,306
233,306
227,307
188,307
243,307
269,307
191,307
219,307
234,307
265,307
223,307
270,307
30,307
200,307
226,307
262,307
198,307
204,308
227,308
201,308
246,308
257,308
249,308
238,308
262,308
278,308
196,308
187,308
255,308
162,308
192,308
233,308
98,308
147,308
216,309
176,309
268,309
245,309
279,309
112,309
212,309
252,309
141,309
187,309
247,309
31,309
266,309
233,309
226,309
147,309
232,310
188,310
251,310
215,310
134,310
216,310
272,311
180,311
251,311
239,311
56,311
202,311
267,311
153,311
169,311
218,311
224,311
266,311
214,311
278,311
198,311
252,312
235,312
265,312
193,312
271,312
229,312
281,312
268,312
263,312
248,312
153,313
18,313
112,313
98,313
159,313
154,314
15,314
176,314
143,314
